제목,내용,분류,링크,공개
커밋 메시지는 한 줄 요약부터,무엇을 왜 바꿨는지 첫 줄에 적으면 나중에 기록을 찾기 쉽습니다.,Git,https://git-scm.com/docs/git-commit,Y
커밋 전에 바뀐 줄 읽기,git diff로 바뀐 줄을 먼저 확인하고 커밋합니다.,Git,https://git-scm.com/docs/git-diff,Y
배포 결과는 공개 주소에서 확인,Actions의 deploy 단계 성공과 공개 주소의 새 내용을 함께 봅니다.,배포,https://docs.github.com/en/pages,Y
예약 실행은 UTC 기준,cron의 17 23 * * *는 한국시간 다음 날 오전 8시 17분입니다.,배포,https://docs.github.com/en/actions/reference/workflows-and-actions/events-that-trigger-workflows#schedule,Y
작게 나눠 자주 커밋하기,한 번에 한 가지 변경만 커밋하면 문제가 생겼을 때 되돌리기 쉽습니다.,Git,,Y
"""결과 없음""도 안내하기","검색 결과가 없을 때 ""다른 단어로 찾아보세요""처럼 다음 행동을 알려 줍니다.",화면,,Y
확인한 것과 못 본 것 구분,"직접 본 결과는 근거와 함께, 확인하지 못한 것은 미확인으로 남깁니다.",기록,,Y
README에 데이터 출처 적기,"콘텐츠를 어디서 가져왔는지, 언제 갱신했는지 README에 남깁니다.",기록,,Y
시트의 1행은 열 이름,"제목, 내용, 분류, 링크, 공개 열 이름을 바꾸면 main.py가 이유를 알리고 멈춥니다.",데이터,,Y
공개 열로 초안 숨기기,공개 열에 Y를 적은 행만 웹에 나옵니다. 쓰는 중인 행은 N으로 둡니다.,데이터,,Y
아직 쓰는 중인 초안,이 행은 공개 열이 N이라 웹에 나오지 않습니다.,데이터,,N
